np,wall_time
1,11.53026294708252
2,7.563446760177612
4,4.9302873611450195
8,3.2446014881134033
